;Power_EUR;Gas_EUR;Emissions_EUR;Coal_USD
24-09-20;40,99;13,55;26,45;59,9
23-09-20;41,21;13,588;26,5;59,5
22-09-20;40,81;13,426;27,85;58,36
21-09-20;40,97;13,388;26,4;57,75
18-09-20;41,82;13,707;27,99;58,42
17-09-20;42,4;13,595;28,43;58,25
16-09-20;42,5;13,603;#N/A;58,5
24-08-20;40,2;13,19;27,48;53,9
21-08-20;#N/A;12,839;25,65;53,45
20-08-20;39,58;13,118;25,9;54,54
19-08-20;39,75;13,095;26,23;55,35
18-08-20;39,9;13,041;26,55;56,01
17-08-20;39,25;12,929;26,3;55,67
15-09-20;43,07;13,375;29,79;57,6
14-09-20;42,6;13,358;30,47;57,75
11-09-20;41,19;13,134;28,26;57,65
10-09-20;41,26;13,058;28,42;56,95
09-09-20;40,92;13,095;27,2;56,46
08-09-20;40,76;13,157;26,79;56,45
07-09-20;41,34;13,457;27,05;55,38
04-09-20;42,1;13,877;27,36;56,32
03-09-20;42,4;13,943;28,74;56,49
02-09-20;41,8;13,886;28,23;56,52
01-09-20;42,02;14,103;27,74;57,7
31-08-20;41,88;13,952;28,66;57,71
28-08-20;42,64;14,007;29,52;57,1
27-08-20;41,64;13,524;28,37;55,9
26-08-20;41,79;13,72;28,62;54,62
25-08-20;41,38;13,548;28,61;54,6
14-08-20;38,79;12,802;25,48;55,77
13-08-20;39,5;12,694;25,43;56,53
12-08-20;39,35;12,623;25,97;56,6
11-08-20;40,32;12,742;26,19;57,55
10-08-20;40,54;12,622;26,71;58,6
07-08-20;40,24;12,651;26,42;59,54
06-08-20;40,69;12,781;26,39;59,39
05-08-20;40,04;12,581;26,77;59,65
04-08-20;39,42;12,333;26,83;59,76
03-08-20;38,95;12,084;26,13;59,69
31-07-20;39,1;11,95;26,28;59,8
30-07-20;38,82;11,936;25,54;59,6
29-07-20;39,59;12,158;26,19;59,61
28-07-20;38,72;12,049;25,74;58,97
27-07-20;38,7;11,856;25,01;#N/A
24-07-20;39,78;#N/A;26,37;59,47
23-07-20;40,54;12,257;27,33;59,95
22-07-20;40,15;12,278;26,63;60,76
21-07-20;39,95;12,375;26,61;60,8
20-07-20;40;12,34;26,17;59,18
17-07-20;41,09;12,731;27,82;60
16-07-20;42,13;12,769;26,61;59,38
15-07-20;42,8;12,827;28,85;60,38
14-07-20;42,18;12,828;29,64;59,1
19-06-20;39,72;12,468;24,16;54,65
18-06-20;39,24;12,369;24,47;54,28
13-07-20;43,13;13,027;29,35;58,21
10-07-20;41,74;12,934;29,02;57,61
09-07-20;42,67;13,075;28,61;57,85
08-07-20;42,71;13,128;29,32;58,19
07-07-20;43,41;13,125;29,39;59,18
06-07-20;43,12;13,025;29,7;58,76
03-07-20;41,47;12,636;27,91;57,53
02-07-20;41,49;12,558;27,37;58,31
01-07-20;41,6;12,425;27,71;57,66
30-06-20;41,64;12,523;26,97;#N/A
29-06-20;40,37;12,427;26,63;58,03
26-06-20;40,11;12,227;24,73;57,44
25-06-20;40,07;12,186;25,18;57,05
24-06-20;40,86;12,328;25,4;56,3
23-06-20;#N/A;12,536;25,41;56,4
22-06-20;39,75;12,355;24,53;54,98
17-06-20;38,34;12,091;22,75;53,81
16-06-20;38,84;12,089;22,78;53,98
15-06-20;37,52;11,896;22,16;53,96
12-06-20;38,2;12,01;22;54,09
11-06-20;38,08;12,056;22,27;53,76
10-06-20;38,43;12,193;22,91;54,33
09-06-20;38,42;12,134;22,48;54,78
08-06-20;39,23;12,374;22,71;54,87
05-06-20;39,15;12,529;23,24;55,68
04-06-20;37,89;12,175;22,21;54,65
03-06-20;38,01;12,125;22,08;54,65
02-06-20;37,43;12,095;22,07;54,48
01-06-20;36,33;11,818;20,97;52,95
29-05-20;36,85;11,931;21,4;51,82
28-05-20;36,83;11,885;21,26;52
27-05-20;37,39;12,078;21,33;52,17
26-05-20;38,05;12,299;21,6;52,3
25-05-20;37,62;12,315;21,59;52,22
22-05-20;36,63;12,011;21,4;51,89
21-05-20;37,03;12,24;21,18;52,08
20-05-20;37,25;12,499;21,26;52,9
19-05-20;36,74;12,434;19,97;52,36
18-05-20;36,59;12,436;20,34;52,9
15-05-20;36,21;12,368;19,17;52,47
14-05-20;35,57;12,266;18,84;52,85
13-05-20;35,35;12,022;18,67;52,58
12-05-20;35,86;12,149;18,52;52,68
11-05-20;36,67;12,417;19,07;53,41
08-05-20;37;12,324;19,35;53,2
07-05-20;36,34;12,311;19,54;53,22
06-05-20;35,86;12,125;19;52,82
05-05-20;36,04;12,058;19,09;52,7
04-05-20;35,73;11,94;19,35;51,98
01-05-20;35,73;#N/A;18,97;52,3
30-04-20;36,29;12,126;19,57;52,88
21-04-20;37,48;12,689;19,85;53,97
20-04-20;38,78;13,02;21,38;55,07
17-04-20;39,6;13,161;21,7;55,23
16-04-20;38,49;12,917;20,94;54,77
15-04-20;36,69;12,536;19,25;54,12
14-04-20;37,59;12,811;19,81;54,28
13-04-20;37,59;#N/A;#N/A;55,51
10-04-20;37,59;#N/A;#N/A;#N/A
09-04-20;38,65;13,018;21,08;55,56
08-04-20;38,52;12,909;21,14;55,87
07-04-20;39,33;13,049;20,51;56,17
06-04-20;37,95;13,04;20,4;55,43
03-04-20;35,84;12,502;17,96;54,33
02-04-20;35,35;12,366;18,06;54,46
01-04-20;34,95;12,069;17,08;54,3
31-03-20;35,65;12,098;17,68;55,18
30-03-20;34,72;11,961;17,06;55,5
27-03-20;34,55;12,189;16,39;56,57
26-03-20;35,62;12,435;17,35;57,58
25-03-20;35;12,475;17,51;58,05
24-03-20;34,9;12,325;16,78;57,2
23-03-20;33,65;11,979;15,54;55,23
20-03-20;34,65;12,177;16,11;55,45
19-03-20;34,35;12,086;16,39;54,73
18-03-20;34,28;12,075;15,3;55,57
17-03-20;36,27;12,473;18,31;55,86
16-03-20;37,46;12,724;19,47;55,74
13-03-20;38,98;13,058;21,94;55,62
12-03-20;39,17;12,918;22,52;54,88
11-03-20;39,99;13,399;23,92;55,8
10-03-20;39,74;13,411;24,1;55,89
09-03-20;39;13,086;23,28;55,09
06-03-20;40,19;13,702;23,42;56,54
05-03-20;40,58;14,178;23,81;57,59
04-03-20;40,84;14,294;23,83;57,44
03-03-20;40,68;14,337;23,36;57,4
02-03-20;39,92;13,871;23,52;57,1
28-02-20;39,79;13,844;23,61;57,04
27-02-20;40,32;13,792;23,6;56,84
26-02-20;40,75;14,137;24,26;57,72
25-02-20;40,99;14,083;24,18;57,33
24-02-20;41,23;14,153;24,57;57,25
21-02-20;42,18;14,666;25,61;58,55
20-02-20;42,7;14,923;25,64;58,71
19-02-20;42,87;15,067;25,71;59,42
18-02-20;43,09;15,266;25,14;59,5
17-02-20;43,13;15,521;25,05;61,58
14-02-20;42,49;15,195;24,29;60,94
13-02-20;42,28;15,023;24,4;60,6
12-02-20;41,9;14,725;23,88;59,72
11-02-20;40,98;14,355;23,3;59,3
10-02-20;40,25;14,204;23,16;58,3
07-02-20;40,95;14,467;23,32;59,3
06-02-20;40,68;14,424;23,56;60,47
05-02-20;41,36;14,482;23,77;61,25
04-02-20;40,49;14,129;23,36;60,68
03-02-20;40,19;13,725;23,21;59,33
31-01-20;40,95;14,007;23,88;52
30-01-20;41,2;14,244;23,74;51,92
29-01-20;41,86;14,651;23,99;52,96
28-01-20;42,11;15,17;24,65;54,3
27-01-20;41,87;14,98;24,59;53,62
24-01-20;41,86;15,08;24,38;53,07
23-01-20;41,89;15,075;24,7;53,27
22-01-20;43,09;15,232;25,01;52,68
21-01-20;42,83;15,376;24,92;52,94
20-01-20;42,87;15,391;25,17;52,29
17-01-20;43,66;15,799;25,44;52,71
16-01-20;43,8;15,943;24,85;53,98
15-01-20;44,1;16,175;24,51;55,73
14-01-20;44,08;16,274;23,84;56,41
13-01-20;45,14;16,741;24,14;58,52
10-01-20;44,9;16,65;24,21;57,73
09-01-20;45,15;16,75;24,67;57,47
08-01-20;44,58;16,592;24,08;57,2
07-01-20;44,51;16,452;24,55;57,26
06-01-20;44,55;16,617;24,23;56,86
03-01-20;44,85;16,838;24,98;57,06
02-01-20;43,85;16,372;24,39;56,47
01-01-20;43,85;#N/A;#N/A;#N/A
31-12-19;43,85;16,458;24,64;56,4
30-12-19;44,66;16,507;25,09;56,34
27-12-19;41,33;13,595;26,7;57,25
26-12-19;41,33;#N/A;26,08;56,78
25-12-19;41,33;#N/A;#N/A;#N/A
24-12-19;41,33;13,592;26,08;56,78
23-12-19;41,93;13,966;26,54;56,83
20-12-19;42,77;14,833;26,67;57,48
19-12-19;43,33;15,154;26,85;58,63
18-12-19;43,1;14,947;26,58;59,12
17-12-19;42,98;14,652;26,07;59,33
16-12-19;42,41;14,252;24,86;59,08
13-12-19;42,94;14,159;24,02;59,18
12-12-19;42,98;14,844;25,07;59,99
11-12-19;42,95;14,279;24,48;59,27
10-12-19;43;14,615;24,94;59,4
09-12-19;43,45;14,835;25,13;59,78
06-12-19;43,93;15,042;24,94;60,35
05-12-19;44,08;15,316;24,69;61,39
04-12-19;44,4;15,682;24,74;62,24
03-12-19;44,26;15,58;24;62,34
02-12-19;44,77;15,658;24,33;62,75
29-11-19;45,49;16,09;25,22;63,54
28-11-19;45,93;16,21;25,01;63,2
27-11-19;46,11;16,528;25,11;64,08
26-11-19;45,41;16,331;24,38;63,92
25-11-19;46,17;16,682;24,44;64,1
22-11-19;46,19;16,629;24,58;64,67
21-11-19;45,35;16,307;23,94;64,62
20-11-19;44,96;16,233;24,03;64,06
19-11-19;44,81;16,128;23,44;63,36
18-11-19;44,83;16,063;23,39;62,6
15-11-19;45,24;16,383;23,85;63,9
14-11-19;45,05;16,25;23,96;63,88
13-11-19;45,26;15,93;24,39;63,2
12-11-19;45,15;16,024;24,12;63,03
11-11-19;45,94;16,216;24,93;62,42
08-11-19;45,88;16,35;24,84;63,19
07-11-19;46,11;16,501;24,94;63,99
06-11-19;46,52;16,681;24,79;63,8
05-11-19;46,84;17,001;25,51;64,93
04-11-19;46,3;16,818;25,63;64,48
01-11-19;46,45;16,525;25,29;64,44
31-10-19;46,26;16,42;25,61;63,92
30-10-19;46,6;16,413;26;63,84
29-10-19;46,64;16,6;25,45;64,23
28-10-19;46,37;16,661;25,12;64,33
25-10-19;46,66;16,9;24,97;65,2
24-10-19;47,05;17,135;25,44;66,3
23-10-19;46,99;16,983;24,75;65,97
22-10-19;47,45;17,129;25,66;66,85
21-10-19;48,51;17,242;25,93;67,99
18-10-19;48,24;17,493;25,88;68,06
17-10-19;48,08;17,595;26,06;67,97
16-10-19;48,72;17,747;26,3;67,8
15-10-19;48,1;17,81;25,71;68,75
14-10-19;47,8;17,899;24,15;69,65
11-10-19;47,95;18,071;24,44;68,95
10-10-19;46,64;17,703;23,26;68,12
09-10-19;46,51;17,499;22,65;68
08-10-19;46,3;17,374;22,53;67,65
07-10-19;46,35;17,293;23,41;66,73
04-10-19;46,47;17,316;22,94;65,68
03-10-19;46,29;17,263;23,24;65,05
02-10-19;47,1;17,522;24,19;65,2
01-10-19;47,66;18,094;25,04;66,2
30-09-19;47,91;#N/A;24,72;66,2
27-09-19;47,76;17,957;25,3;66,6
26-09-19;48,29;18,091;25,64;66,6
25-09-19;48,14;17,932;25,21;66,09
24-09-19;49,13;18,265;25,54;67,65
23-09-19;49,41;18,369;25,8;68,85
20-09-19;50,35;18,657;26,53;70,5
19-09-19;49,8;18,45;25,95;69,89
18-09-19;49,32;18,13;25,45;69,11
17-09-19;50,63;18,425;26,22;69,71
16-09-19;51,38;19,154;27,04;70,79
13-09-19;50,14;18;26,38;68,43
12-09-19;49,67;18,085;26,43;68,1
11-09-19;50,46;18,51;26,27;67,68
10-09-19;49,55;18,425;26,72;68,4
09-09-19;47,6;17,117;25,02;66,23
06-09-19;47,49;16,991;25,08;65,83
05-09-19;47,14;16,994;25,53;65,25
04-09-19;47,42;16,652;25,52;64,25
03-09-19;46,73;16,633;25,23;64,6
02-09-19;46,7;16,595;25,19;63,7
30-08-19;48,29;17,081;26,32;64
29-08-19;47,28;17,056;26,46;64,25
28-08-19;47,15;16,922;26,01;62,85
27-08-19;46,58;16,875;25,41;62,8
26-08-19;47,34;#N/A;25,83;63,9
23-08-19;46,95;17,098;25,1;63,55
22-08-19;47,99;17,315;25,66;63,62
21-08-19;48,01;17,339;26,02;63,61
20-08-19;48,44;17,28;26,25;63,82
19-08-19;48,44;17,201;26,56;63,76
16-08-19;48,14;17,286;25,96;63,73
15-08-19;48,3;17,33;25,98;64,08
14-08-19;48,61;17,509;26,91;65,1
13-08-19;49,1;17,644;27,1;65,82
12-08-19;48,96;17,371;26,7;64,66
09-08-19;50;17,563;28,12;64,95
08-08-19;50,11;17,625;28,53;65,95
07-08-19;49,89;17,567;28,28;65,5
06-08-19;50,26;17,75;28,41;#N/A
05-08-19;50,75;17,849;28,7;66,76
02-08-19;52,1;18,175;29,26;68,06
01-08-19;51,9;18,631;29,45;68,73
31-07-19;50,9;18,292;27,98;67,48
30-07-19;50,64;18,117;27,9;67,58
29-07-19;51,5;18,182;28,42;67,6
26-07-19;51,37;18,421;28,29;68,5
25-07-19;52,24;18,575;29,02;69,84
24-07-19;52,43;18,487;29,19;69,6
23-07-19;53,12;18,739;29,81;71,25
22-07-19;52,31;18,587;28,99;70,3
19-07-19;52,25;18,743;28,89;70,8
18-07-19;51,12;18,5;27,78;68,35
17-07-19;51,35;18,588;28,47;68,3
16-07-19;51,69;18,634;28,47;67,35
15-07-19;52,75;19,431;29,05;68,5
12-07-19;51,88;19,834;28,79;68,75
11-07-19;51,49;19,407;28,29;69,05
10-07-19;50,4;18,68;28,19;69
09-07-19;49,64;18,185;26,56;66,82
08-07-19;50,07;18,227;26,81;68,3
05-07-19;48,97;17,868;26,38;67,5
04-07-19;48;17,6;26,01;66,65
03-07-19;48,11;17,438;26,51;64,1
02-07-19;49,1;17,554;26,72;63,58
01-07-19;49,15;17,915;26,92;64,5
28-06-19;48,8;17,944;26,28;64,65
27-06-19;49,1;18,23;26,89;64,3
26-06-19;49,09;18,436;27,39;64,65
25-06-19;48,69;18,27;26,41;64,2
24-06-19;48,65;18,519;26,37;64,9
21-06-19;47,15;18,343;25,3;64,75
20-06-19;46,52;18,001;25,1;63,7
19-06-19;46,6;17,779;24,96;62,15
18-06-19;47,3;17,919;25,12;62,8
17-06-19;47,25;18,194;25,02;63,05
14-06-19;47,17;18,146;25,05;63,45
13-06-19;47,45;18,337;24,96;64,05
12-06-19;46,85;18,175;24,82;63,6
11-06-19;47,53;18,178;24,98;64,8
10-06-19;47,74;18,826;25,2;66,79
07-06-19;47,3;18,519;24,51;66,15
06-06-19;46,8;18,064;23,98;64,45
05-06-19;47,06;18,131;24,25;63,7
04-06-19;46,49;18,12;24,56;65,13
03-06-19;46,1;18,09;23,74;63,5
31-05-19;46,91;18,27;24,46;64,2
30-05-19;47,9;18,925;25,3;65,25
29-05-19;48,41;19,128;25,53;66,4
28-05-19;48,34;19,136;25,48;67,25
27-05-19;48,4;#N/A;25,59;67,1
24-05-19;48,15;18,881;25,47;67,1
23-05-19;48,22;19,004;26,06;67,65
22-05-19;48,75;19,054;26,37;68,8
21-05-19;47,65;18,936;25,38;69
20-05-19;47,89;18,926;25,2;67,6
17-05-19;48;18,976;25;69,2
16-05-19;49,06;19,214;25,57;69,7
15-05-19;48,82;19,445;25,97;71,2
14-05-19;48,24;19,246;25,89;70,69
13-05-19;48,71;19,018;25,03;69,4
10-05-19;48,75;18,901;25,62;70,56
09-05-19;49,61;19,35;26,5;70,4
08-05-19;49,63;19,518;26,91;71,5
07-05-19;49,2;19,642;26,4;70,5
06-05-19;48,5;#N/A;25,33;71,85
03-05-19;48,2;19,44;25,2;72,4
02-05-19;48,15;18,873;24,7;70,05
01-05-19;48,15;#N/A;25,78;69,1
30-04-19;49,33;19,567;26,29;70,74
29-04-19;49,36;19,887;26,38;70,35
26-04-19;49,21;19,921;25,85;71,1
25-04-19;50,09;20,219;27,28;71,7
24-04-19;49,95;20,045;27,4;72,1
23-04-19;50,44;20,108;27,53;74,45
22-04-19;50,44;#N/A;26,89;73,75
19-04-19;50,44;#N/A;#N/A;#N/A
18-04-19;50,28;19,85;26,89;73,75
17-04-19;50,63;20,079;27,46;75,3
16-04-19;49,86;19,778;27;73,7
15-04-19;50,53;19,889;26,81;74,05
12-04-19;50,49;20,283;26,58;75,1
11-04-19;50,32;20,376;27,32;75,45
10-04-19;50,98;20,285;26,13;73,85
09-04-19;49,06;20,386;25,53;75,6
08-04-19;48,91;19,762;24,31;74,1
05-04-19;48,8;20,025;24,6;73,7
04-04-19;48,16;19,244;24,44;72
03-04-19;46,5;18,525;23,16;69,85
02-04-19;45,34;18,188;22,01;70,05
01-04-19;45,5;18,3;21,91;71,35
29-03-19;45,98;18,408;21,54;72
28-03-19;#N/A;18,376;22,26;73,1
27-03-19;46,93;18,569;21,85;74,24
26-03-19;45,94;18,077;21,54;75,25
25-03-19;44,87;17,927;20,94;73,75
22-03-19;45,15;18,263;20,67;73,25
21-03-19;45,51;18,109;20,94;73,5
20-03-19;45,5;18,236;21,64;74,3
19-03-19;45,68;17,94;21,12;73,4
18-03-19;45,42;17,944;21,82;74,4
15-03-19;46,23;18,272;22,47;73,5
14-03-19;46,95;18,674;22,74;75,11
13-03-19;46,41;18,941;22,28;74,35
12-03-19;48,05;19,265;22,33;75,85
11-03-19;47,51;19,436;22,28;75,25
08-03-19;47,78;19,603;23,02;76,1
07-03-19;47,68;19,742;23,27;78
06-03-19;47,76;19,636;22,13;77,2
05-03-19;48,38;19,933;22,94;79
04-03-19;49,1;20,12;23,13;81,35
01-03-19;48,41;20,099;22,28;80,15
28-02-19;47,73;20,3;21,69;80,75
27-02-19;46,8;20,161;21,27;80
26-02-19;45,72;19,81;19,66;78,35
25-02-19;45,44;19,781;19,24;77,5
22-02-19;45,78;19,94;18,94;77,55
21-02-19;45,95;20,052;18,8;78,75
20-02-19;46,56;20,221;20,48;80,15
19-02-19;45,95;19,963;20,21;78,81
18-02-19;45,75;19,664;20,01;78,55
15-02-19;46,11;19,989;20,42;78,9
14-02-19;45,49;19,71;19,78;77,25
13-02-19;45,33;19,755;20,94;78,35
12-02-19;46,17;19,531;20,7;76,15
11-02-19;46,66;19,714;22,4;76,95
08-02-19;47,47;19,712;22,37;77,35
07-02-19;48,7;20,064;23,48;78,95
06-02-19;49,34;20,151;23,7;81,5
05-02-19;48,19;20,171;23,17;80,3
04-02-19;47,74;20,237;23,06;81,75
01-02-19;48,66;20,343;21,99;83,1
31-01-19;48,4;20,477;22,3;85,05
30-01-19;49,18;20,642;23,06;86,24
29-01-19;49,38;20,715;23,39;85,2
28-01-19;49,39;20,554;22,77;84,49
25-01-19;50,05;20,66;23,93;83,96
24-01-19;50,75;20,733;24,07;83,43
23-01-19;51,4;21,15;24,72;85,33
22-01-19;51,3;20,937;25,21;85,24
21-01-19;50,02;20,967;24,47;84,42
18-01-19;51,14;21,302;24,86;87,03
17-01-19;50,69;21,174;23,67;86,6
16-01-19;48,56;20,573;23,4;85,47
15-01-19;47,73;20,333;22,62;83,68
14-01-19;47,67;20,045;22,55;82,43
11-01-19;48,35;20,274;22,74;83,32
10-01-19;47,62;20,026;22,11;82,75
09-01-19;47,6;20,107;22,03;82,2
08-01-19;48,2;20,155;22,84;81,99
07-01-19;47,5;19,931;22,25;81,06
04-01-19;49,13;20,212;23,73;82,8
03-01-19;48,8;19,74;23,32;82,8
02-01-19;50,74;19,843;25,31;84,83
01-01-19;50,74;#N/A;#N/A;#N/A
31-12-18;50,74;19,655;25,01;85,92
28-12-18;51,02;19,999;24,98;86,08
27-12-18;54,44;22,017;25,01;85,97
26-12-18;54,44;#N/A;25,18;87,02
25-12-18;54,44;#N/A;#N/A;#N/A
24-12-18;54,44;22,828;25,18;87,52
21-12-18;55,42;23,118;24,92;87,71
20-12-18;55,1;23,224;24,47;87,82
19-12-18;55,95;23,164;24,62;88,46
18-12-18;55,41;22,794;24,33;88,82
17-12-18;56,35;23,415;24,26;89,75
14-12-18;55,55;23,385;23,37;89,5
13-12-18;54,35;22,96;22,32;88,98
12-12-18;53;22,73;21,47;88,64
11-12-18;52,45;22,307;20,16;87,4
10-12-18;52,2;22,159;20,86;87
07-12-18;51,75;22,074;20,29;86,74
06-12-18;51,19;21,959;19,99;86,03
05-12-18;51,37;22,24;19,67;85,53
04-12-18;51,95;22,578;20,73;85,67
03-12-18;52,65;22,854;20,63;85,2
30-11-18;52,16;22,631;20,5;86,2
29-11-18;52,04;22,74;20,02;86,05
28-11-18;51,58;22,506;19,29;85,5
27-11-18;52,19;23,097;19,6;85,6
26-11-18;50,88;22,528;19,83;85,15
23-11-18;52,11;22,451;20,21;83,99
22-11-18;52,25;22,706;20,92;84,6
21-11-18;51,65;22,507;20,49;84
20-11-18;50,95;22,616;19,46;83,7
19-11-18;50,39;22,597;18,93;84,38
16-11-18;52,07;23,515;19,11;85,03
15-11-18;52,41;23,92;19;87,88
14-11-18;52,5;23,776;19,73;86,23
13-11-18;53,43;24,092;20,14;88,51
12-11-18;53,31;24,029;20,5;90,24
09-11-18;50,86;22,937;19,5;88,15
08-11-18;51,42;22,983;19,56;89,09
07-11-18;50,39;23,083;18,62;91,9
06-11-18;49,06;#N/A;17,57;89,4
05-11-18;49;22,64;17,23;90,67
02-11-18;48,8;22,91;17,08;92,9
01-11-18;47,9;22,307;15,62;91,7
31-10-18;49,1;23,198;16,36;94,2
30-10-18;48,95;23,233;16,02;95
29-10-18;50,45;23,77;16,68;95,65
26-10-18;51,26;23,407;18,28;95,25
25-10-18;52,09;24,05;19,08;96,44
24-10-18;52,75;24,227;19,61;97,25
23-10-18;52,13;24,471;19,23;97,48
22-10-18;52,72;24,626;19;98,4
19-10-18;53,9;25,097;19,71;98,8
18-10-18;52,24;24,429;19,74;97,5
17-10-18;52,08;24,466;19,27;96,25
16-10-18;52,33;24,786;19,29;96,23
15-10-18;52,36;25,032;18,58;94,9
12-10-18;53,1;24,9;20,37;95,18
11-10-18;51,58;24,25;19,87;94,26
10-10-18;52,89;24,801;19,46;94,9
09-10-18;54,9;25,414;20,79;97,17
08-10-18;56,04;25,768;21,94;98,55
05-10-18;55,56;26,3;22,16;99,65
04-10-18;55,1;26,124;21,34;99,9
03-10-18;54,65;25,538;21,18;99,97
02-10-18;54,9;25,519;20,98;99,2
01-10-18;54,15;25,588;21,37;99,63
28-09-18;53,71;25;21,21;98,17
27-09-18;53,7;25,182;20,83;97,23
26-09-18;53,41;25,662;20,24;97,8
25-09-18;54,75;26,349;21,25;97,8
24-09-18;55,81;26,334;22,43;98,8
21-09-18;54,88;#N/A;22,13;97,73
20-09-18;55,53;25,73;22,03;97,5
19-09-18;53,04;25,567;21,47;97,54
18-09-18;52,75;24,922;20,23;95,63
17-09-18;53,1;25,215;20,94;95,76
14-09-18;50,38;24,392;19,97;94,28
13-09-18;52,4;24,368;18,9;94,95
12-09-18;55,86;25,094;22,95;95,73
11-09-18;56,65;25,814;24,18;96,75
10-09-18;56,47;26,125;25,23;95,75
07-09-18;54,22;25,003;23,22;93,7
06-09-18;52,7;24,64;21,47;94,86
05-09-18;51,46;24,316;20,37;95,1
04-09-18;50,89;24,055;20,18;93,62
03-09-18;49,8;23,696;20,17;92,24
31-08-18;50,7;23,404;21,09;91,25
30-08-18;51,22;23,612;21,16;90,5
29-08-18;50,05;23,612;21,06;92,8
28-08-18;50;23,246;20,69;91,5
27-08-18;50,22;#N/A;21,3;90,78
24-08-18;49,02;22,788;20,69;90,28
23-08-18;48,81;22,553;20,38;88,93
22-08-18;48,09;22,351;19,8;88,43
21-08-18;47,77;22,28;19,31;88,5
20-08-18;47,18;22,186;18,49;89,15
17-08-18;47;22,081;18,14;89,45
16-08-18;46,61;21,928;17,99;88,08
15-08-18;46,41;21,874;18,09;87,72
14-08-18;46,4;22,094;18,16;88,89
13-08-18;46;21,913;18,06;#N/A
10-08-18;45,14;21,492;17,89;87,17
09-08-18;44,93;21,335;17,6;86,55
08-08-18;44,7;21,214;17,4;86,01
07-08-18;44,93;21,28;17,51;87,72
06-08-18;44,86;21,204;17,57;87,15
03-08-18;44,35;20,981;17,68;85,25
02-08-18;43,85;20,727;17,64;85,04
01-08-18;44,09;20,705;17,78;85,2
31-07-18;43,79;20,837;17,4;86,4
30-07-18;44,14;20,965;17,05;86,3
27-07-18;44,15;20,854;17,12;86,23
26-07-18;44,41;20,911;17,29;86,02
25-07-18;45,18;20,95;17,34;87,02
24-07-18;45,21;20,775;17,1;87,2
23-07-18;45,03;20,717;17,39;86,65
20-07-18;44,24;20,488;17,07;85,5
19-07-18;45,14;20,766;16,86;87,5
18-07-18;44,19;20,761;16,41;89,24
17-07-18;43,43;20,505;16,08;86,5
16-07-18;44,03;20,617;15,93;87,1
13-07-18;43,83;20,984;16,06;89,1
12-07-18;44,41;20,685;16,09;90,35
11-07-18;45,46;21,243;16,32;92,86
10-07-18;45,37;21,43;16,05;92,94
09-07-18;44,75;21,367;16;92,86
06-07-18;44,1;20,998;15,7;90,9
05-07-18;44,3;21,094;15,68;91,14
04-07-18;43,89;20,923;15,52;91,65
03-07-18;44,03;20,908;15,1;91,19
02-07-18;43,65;20,966;15,07;90,11
29-06-18;43,14;20,796;14,99;89,46
28-06-18;42,89;20,679;15;87,7
27-06-18;42,45;20,616;15,26;88,33
26-06-18;41,46;20,093;15,03;86,69
25-06-18;41,4;20,181;15,03;85,6
22-06-18;41,16;20,212;15,12;84,52
21-06-18;40,69;20,051;14,81;84,23
20-06-18;40,98;19,956;14,5;86,83
19-06-18;41,87;20,032;14,24;88,26
18-06-18;41,96;20,291;14,6;88,9
15-06-18;41,65;20,01;14,53;88,6
14-06-18;42,29;20,57;14,91;89,35
13-06-18;42,05;20,504;15,31;89,52
12-06-18;41,74;20,207;15,15;90,25
11-06-18;40,89;19,892;15,49;88,94
08-06-18;#N/A;20,086;15,82;88,56
07-06-18;41,11;20,011;16;88,35
06-06-18;40,84;19,776;15,93;86,79
05-06-18;41,35;19,793;15,77;87,46
04-06-18;41,5;20,116;16,13;88,88
01-06-18;39,94;19,922;15,29;87,2
31-05-18;41,42;20,171;14,91;86,71
30-05-18;41,88;20,627;15,84;87,75
29-05-18;42,08;20,63;16,3;87,28
28-05-18;42,1;#N/A;16,31;86,8
25-05-18;41,76;20,48;16;85,8
24-05-18;42,57;21,311;16,29;88
23-05-18;42,85;21,5;16,01;88
22-05-18;42,95;21,675;15,95;88,9
21-05-18;41,95;21,229;15,56;88,65
18-05-18;41,72;21,025;15,25;87,7
17-05-18;41,92;21,224;15,3;89,89
16-05-18;41,2;20,651;15,18;88,5
15-05-18;41,19;20,633;14,32;88,36
14-05-18;40,95;20,448;14,64;89,79
11-05-18;40,5;20,149;14,63;87,76
10-05-18;40,06;19,775;14,61;86,66
09-05-18;39,78;19,614;14;85,66
08-05-18;39,34;19,299;13,6;84,7
07-05-18;39,29;#N/A;13,62;86,15
04-05-18;38,65;19,107;13,02;84,55
03-05-18;38,4;18,709;12,96;83,83
02-05-18;38,51;18,637;13,06;83,45
01-05-18;38,51;#N/A;13,39;85
30-04-18;39,08;19,154;13,59;85,29
27-04-18;38,56;18,92;13,56;84,64
26-04-18;38,5;18,8;13,49;83,75
25-04-18;37,85;18,437;13,26;83,64
24-04-18;37,83;18,351;13,23;82,74
23-04-18;37,81;18,421;12,89;83,49
20-04-18;37,68;18,275;13,05;83,1
19-04-18;38,45;18,348;13,46;83,05
18-04-18;37,77;18,047;13,89;81,82
17-04-18;#N/A;17,859;13,74;79,96
16-04-18;38,56;18,138;14;82,78
13-04-18;38,32;18,185;13,94;81,76
12-04-18;37,79;17,959;13,59;81,5
11-04-18;37,65;18,085;13,43;81,67
10-04-18;37,3;17,698;13,38;79,98
09-04-18;37,1;17,562;13,33;79,29
06-04-18;36,37;17,39;12,99;77,5
05-04-18;36,24;17,363;12,64;77,03
04-04-18;36,01;17,376;13,06;75,96
03-04-18;36,28;17,41;13,3;76,3
02-04-18;36,28;#N/A;#N/A;#N/A
30-03-18;36,28;#N/A;#N/A;#N/A
29-03-18;36,08;17,443;13,28;75,9
28-03-18;35,9;17,391;12,99;74,83
27-03-18;35,7;17,398;13,68;74,08
26-03-18;35,28;17,072;12,99;72,77
23-03-18;35,4;17,15;12,61;73,28
22-03-18;35,3;17,243;12,34;73,57
21-03-18;35,41;17,261;12,65;74,85
20-03-18;34,57;17,034;11,55;75,6
19-03-18;33,88;16,779;11,06;73,25
16-03-18;34,4;16,814;11,17;74,4
15-03-18;34,61;16,845;11,19;75,3
14-03-18;34,39;16,725;11,18;75,66
13-03-18;34,92;16,907;11,4;76,6
12-03-18;35,14;17,045;11,08;75,81
09-03-18;34,7;16,999;11,12;77,66
08-03-18;34,43;16,927;11,12;77,23
07-03-18;34,14;16,858;10,64;78,98
06-03-18;34,06;16,842;10,47;#N/A
05-03-18;33,65;16,791;10,36;79,25
02-03-18;33,45;16,709;10,14;78,05
01-03-18;33,51;16,598;9,99;77,43
28-02-18;33,85;16,625;10,1;79,25
27-02-18;33,84;16,772;10,15;79,48
26-02-18;33,81;16,797;9,63;79,9
23-02-18;34,69;17,013;9,81;82,4
22-02-18;34,4;16,971;9,72;82,67
21-02-18;34,37;16,965;9,56;81,61
20-02-18;34,84;17,045;9,72;83,27
19-02-18;34,58;16,883;9,88;83,11
16-02-18;33,78;16,595;9,52;81,01
15-02-18;33,8;16,475;9,54;79,75
14-02-18;34,05;16,55;9,6;80,53
13-02-18;33,78;16,496;9,9;79,93
12-02-18;32,75;16,508;9,48;78
09-02-18;32,8;16,492;9,23;76,08
08-02-18;33,06;16,573;9,12;77,9
07-02-18;33,7;16,59;8,99;81,15
06-02-18;33,45;16,612;8,8;80,75
05-02-18;33,64;16,578;9,07;82,55
02-02-18;33,9;16,85;8,96;83,1
01-02-18;34,15;16,95;9,27;81,67
31-01-18;34,21;17,064;9,28;82,42
30-01-18;34,61;16,825;8,88;84,13
29-01-18;35,35;16,874;9;86,36
26-01-18;35,46;16,996;9,09;90,94
25-01-18;35,37;17,192;9,24;90,98
24-01-18;35,29;17,231;9,46;90,15
23-01-18;35,38;17,464;9,01;90,75
22-01-18;35,42;17,645;8,75;91,15
19-01-18;35,3;17,499;8,76;90,45
18-01-18;35,02;17,55;8,49;90,23
17-01-18;34,9;17,526;8,18;90,58
16-01-18;35,11;17,607;8,05;91,04
15-01-18;999999;17,852;7,8;91,3
12-01-18;35,35;17,975;7,86;91,15
11-01-18;35,55;17,945;7,82;90,74
10-01-18;35,9;18,196;7,89;91,01
09-01-18;36,26;17,949;7,78;91,44
08-01-18;36,15;17,765;7,66;91,53
05-01-18;36,35;17,625;7,78;91,33
04-01-18;36,42;17,742;7,77;90,78
03-01-18;36,77;17,798;7,83;90,92
02-01-18;36,84;17,656;7,81;91,41
01-01-18;36,84;#N/A;#N/A;#N/A
29-12-17;36,95;17,707;8,18;90,32
28-12-17;36,9;17,685;8,21;90,05
27-12-17;37,67;18,046;8,17;89,35
26-12-17;37,67;#N/A;#N/A;89,24
25-12-17;37,67;#N/A;#N/A;#N/A
22-12-17;37,85;18,3;8,19;89,24
21-12-17;37,9;18,4;8,02;89,18
20-12-17;38,04;18,6;7,81;89,42
19-12-17;37,78;18,415;7,54;89,31
18-12-17;38,13;18,44;7,39;90
15-12-17;38,19;18,66;7,18;89,89
14-12-17;37,62;18,675;7,09;89,8
13-12-17;37,9;18,45;7,07;88,63
12-12-17;38,02;18,85;7,14;89,55
11-12-17;37,21;18,583;7,2;88,96
08-12-17;37,11;18,29;7,14;87,52
07-12-17;36,79;18,482;7,35;86,72
06-12-17;36,7;18,429;7,27;86,3
05-12-17;37,01;18,652;7,43;85,8
04-12-17;37,2;18,673;7,55;86,6
01-12-17;36,81;18,627;7,68;85,2
30-11-17;36,65;18,387;7,53;85,08
29-11-17;36,67;18,496;7,7;85,5
28-11-17;36,56;18,389;7,59;84,72
27-11-17;36,88;18,643;7,7;84,91
24-11-17;36,74;18,593;7,77;85,16
23-11-17;36,16;18,504;7,66;83,69
22-11-17;35,94;18,312;7,37;82,33
21-11-17;36,08;18,406;7,39;83,35
20-11-17;35,97;18,154;7,44;83,6
17-11-17;35,8;17,875;7,48;81,95
16-11-17;36,15;18;7,5;82,8
15-11-17;36,15;17,872;7,69;84,54
14-11-17;36,55;18,047;7,39;84,48
13-11-17;36,99;18,444;7,35;86,35
10-11-17;36,93;18,465;7,4;86,56
09-11-17;36,85;18,18;7,55;85,35
08-11-17;37,05;18,026;7,72;85,74
07-11-17;37,09;17,979;7,75;86,08
06-11-17;37,2;17,722;7,92;86,45
03-11-17;36,65;17,29;7,88;85,23
02-11-17;37,16;17,453;7,66;86,85
01-11-17;37,11;17,548;7,51;87,46
31-10-17;36,66;17,499;7,37;86,85
30-10-17;36,58;17,324;7,14;85,26
27-10-17;36,65;17,351;7,17;85,54
26-10-17;36,26;17,174;7,2;84,7
25-10-17;36,48;17,182;7,4;84,7
24-10-17;36,14;16,96;7,47;84,19
23-10-17;35,9;17,025;7,44;83,1
20-10-17;35,9;17,06;7,57;83,57
19-10-17;36,53;17,315;7,65;83,51
18-10-17;36,8;17,506;7,81;85,51
17-10-17;36,35;17,42;7,42;84,67
16-10-17;36,39;17,416;7,36;85,14
13-10-17;36,2;17,342;7,32;83,88
12-10-17;35,72;17,166;7,41;83,13
11-10-17;35,91;17,13;7,38;82
10-10-17;35,36;17,151;7,39;80,7
09-10-17;35,14;17,125;6,96;79,28
06-10-17;35,38;17,123;7;79,51
05-10-17;35,39;17,18;6,89;80,51
04-10-17;35,27;17,076;6,9;80,56
03-10-17;34,84;17,058;7;79,78
02-10-17;34,54;16,855;6,94;79
29-09-17;34,85;16,749;7,07;77,26
28-09-17;35,99;17,171;6,96;79,39
27-09-17;35,85;17,175;6,93;81,67
26-09-17;35,91;17,154;6,98;82
25-09-17;36,2;17,25;7,28;83,4
22-09-17;35,16;16,805;6,65;81,75
21-09-17;35,2;16,894;6,56;81,73
20-09-17;35,95;16,981;6,91;84,04
19-09-17;36,15;17,037;7,03;83,83
18-09-17;35,65;16,943;6,73;81,73
15-09-17;35,64;17,038;6,95;82,4
14-09-17;36,53;#N/A;7,1;82,98
13-09-17;35,84;17,257;7,1;82,51
12-09-17;34,89;17,114;6,87;80,81
11-09-17;35,04;17,25;6,88;81,15
08-09-17;34,96;16,996;7,07;80,65
07-09-17;34,43;16,87;6,9;79,71
06-09-17;34,39;16,89;6,7;79,9
05-09-17;34,2;16,754;6,5;80,11
04-09-17;33,55;16,29;5,92;78,88
01-09-17;33,41;16,27;5,83;77,9
31-08-17;33,3;16,18;5,94;77,5
30-08-17;33,6;16,25;6,03;78,78
29-08-17;33,4;16,27;6,04;79,17
28-08-17;33,75;#N/A;6,1;79,14
25-08-17;33,62;16,26;6,09;78,64
24-08-17;33,41;16,24;5,95;78,25
23-08-17;33,2;16,28;5,95;77,9
22-08-17;32,75;16,22;5,78;77,54
21-08-17;32,82;16,18;5,75;77,55
18-08-17;33,11;16,28;5,82;78,2
17-08-17;33,12;16,33;5,81;78,22
16-08-17;32,69;16,35;5,8;77,5
15-08-17;32,26;16,09;5,53;76,44
14-08-17;32,45;16,28;5,52;77,51
11-08-17;32,07;16,47;5,39;77,11
10-08-17;31,81;16,4;5,37;76,41
09-08-17;31,58;16,28;5,37;75,53
08-08-17;31,18;16,12;5,27;74,29
07-08-17;31,37;16,13;5,27;75,38
04-08-17;31,2;16,02;5,35;75
03-08-17;31,03;15,9;5,43;74,4
02-08-17;31,14;15,92;5,43;73,85
01-08-17;31,12;15,81;5,3;73,83
31-07-17;31,45;15,93;5,23;75,25
28-07-17;31,17;15,97;5,18;74,4
27-07-17;31,24;15,99;5,14;73,3
26-07-17;31,27;16,03;5,25;73,15
25-07-17;31,11;15,86;5,16;73,13
24-07-17;31,16;15,71;5,14;72,38
21-07-17;31,59;15,85;5,09;73,74
20-07-17;31,83;16,06;5,3;73,41
19-07-17;31,61;16,04;5,39;73,21
18-07-17;31,64;15,97;5,46;73,48
17-07-17;31,48;16,15;5,44;72,35
14-07-17;31,26;16;5,42;71,05
13-07-17;31,45;15,86;5,36;70,76
12-07-17;31,37;15,72;5,48;71,14
11-07-17;31,31;15,66;5,33;71,36
10-07-17;31,69;15,73;5,4;71,65
07-07-17;31,8;15,83;5,34;72,59
29-04-20;36,85;12,058;20,19;52,65
28-04-20;37,09;12,128;20,21;52,2
27-04-20;36,6;12,221;20,28;52,35
24-04-20;37,45;12,276;20,74;53,27
23-04-20;37,76;12,415;21,03;53,9
22-04-20;38,39;12,485;20,66;53,63
06-07-17;31,67;16;5,24;72,64
05-07-17;31,31;15,97;5,04;72,1
04-07-17;31,29;16,03;5,12;71,64
03-07-17;31,05;16,09;5,14;71,1
30-06-17;30,74;15,92;5,03;70,21
29-06-17;30,81;15,71;5,07;69,65
28-06-17;#N/A;16,04;4,94;70,32
27-06-17;30,65;15,91;4,94;69,6
26-06-17;30,48;15,87;4,78;68,63
23-06-17;30,47;15,78;4,87;68,65
22-06-17;30,72;15,76;4,86;68,94
21-06-17;30,87;15,84;4,88;69,2
20-06-17;31,08;15,91;4,95;69,53
19-06-17;30,95;#N/A;4,93;69,63
16-06-17;30,38;15,85;4,88;68,53
14-04-16;22,9;13,25;5,61;43,36
13-04-16;22,65;13,35;5,54;41,94
12-04-16;22,73;13,38;5,59;41,89
11-04-16;22,65;13,22;5,58;41,84
08-04-16;22,3;13,2;5,42;41,3
07-04-16;22,21;13,03;5,28;40,43
06-04-16;22,41;13,18;5,31;41,43
05-04-16;22,18;13,05;5,24;41,4
15-06-17;30,47;15,84;4,96;68,42
14-06-17;30,51;15,93;4,94;68,25
13-06-17;30,4;15,97;5,01;#N/A
12-06-17;30,63;16,03;4,92;67,93
09-06-17;30,96;16,13;5,04;68,45
08-06-17;30,75;16,37;5,05;68,73
07-06-17;30,52;16,16;4,88;67,76
06-06-17;30,61;16,14;4,97;67,95
05-06-17;30,71;16,26;5,17;68,5
02-06-17;30,51;16,14;5,16;67,6
01-06-17;30,17;16,21;5,08;67
31-05-17;30,37;16,3;4,98;66,61
30-05-17;30,77;16,63;5,14;68
29-05-17;30,37;#N/A;5,17;66,38
26-05-17;30,1;16,35;5,19;66,38
25-05-17;30,06;16,44;4,98;66,29
24-05-17;30,31;16,57;4,91;66,6
23-05-17;30,37;16,62;4,75;67,37
22-05-17;30,21;16,49;4,91;67,38
19-05-17;29,63;16,47;4,85;65,94
18-05-17;29,46;16,53;4,76;65,48
17-05-17;29,38;16,44;4,58;65,7
16-05-17;29,1;16,22;4,54;64,39
15-05-17;28,8;16,33;4,39;63,84
12-05-17;28,81;16,16;4,46;63,53
11-05-17;28,85;16,17;4,35;63,19
10-05-17;28,99;16,25;4,45;64,3
09-05-17;28,76;16,19;4,52;63,65
08-05-17;29;16,28;4,42;63,85
05-05-17;29,25;16,44;4,58;65,5
04-05-17;29,04;16,42;4,52;65,18
03-05-17;29,39;16,72;4,4;65,74
02-05-17;29,5;16,85;4,45;66,7
01-05-17;29,5;#N/A;#N/A;66,48
28-04-17;29,63;16,59;4,57;66,48
27-04-17;29,41;16,5;4,55;66,65
26-04-17;29,35;16,55;4,61;65,88
25-04-17;29,07;16,38;4,5;64,88
24-04-17;29,4;16,65;4,64;65,36
21-04-17;30,18;16,82;4,57;66,69
20-04-17;30,18;16,8;4,75;66,81
19-04-17;30,39;17,01;4,83;66,2
18-04-17;29,94;17,1;4,86;66,13
17-04-17;29,94;#N/A;#N/A;65,75
14-04-17;29,94;#N/A;#N/A;#N/A
13-04-17;30,2;16,66;4,95;65,75
12-04-17;30,09;16,7;4,93;65,21
11-04-17;29,39;16,59;4,87;65,2
10-04-17;29,77;16,47;4,79;65,01
07-04-17;30,22;16,52;4,89;66,54
06-04-17;30,61;16,82;5,06;67,54
05-04-17;30,3;16,84;4,82;67,23
04-04-17;29,96;16,77;4,65;66,55
03-04-17;30,08;16,84;4,87;67,84
31-03-17;29,77;16,51;4,69;65,7
30-03-17;29,36;16,78;4,92;65,81
29-03-17;29,17;16,41;4,76;65,7
28-03-17;28,43;16,03;4,74;64,88
27-03-17;28,01;15,82;4,63;62,89
24-03-17;28,66;16,05;4,77;63,6
23-03-17;28,5;16,15;4,98;63,5
22-03-17;28,39;16,13;4,97;62,2
21-03-17;28,65;16,17;4,94;62,71
20-03-17;29,2;16,36;4,99;63,65
17-03-17;29,39;16,51;5,14;64,56
16-03-17;29,59;16,35;5,15;64,5
15-03-17;29,77;16,42;5,2;64,89
14-03-17;29,49;16,3;5,11;64,44
13-03-17;29,43;16,3;5,16;65,3
10-03-17;29,62;16,54;5,17;64,59
09-03-17;29,5;16,56;5,13;63,6
08-03-17;29,8;16,85;5,24;64,5
07-03-17;30,3;16,94;5,38;64,9
06-03-17;30,45;17,19;5,49;66,85
03-03-17;30,49;17,05;5,6;66,98
02-03-17;30,88;17,03;5,47;67,19
01-03-17;30,85;17,16;5,91;68,25
28-02-17;30,4;17,09;5,24;66,64
27-02-17;30,83;17,32;5,2;67,46
24-02-17;31,34;17,64;5,39;68,25
23-02-17;31,26;17,88;5,35;68,54
22-02-17;30,9;17,74;5,07;68,06
21-02-17;30,7;17,79;5,05;68,31
20-02-17;31,03;17,84;5,09;68,8
17-02-17;30,09;17,69;4,98;67,24
16-02-17;30,12;17,68;4,94;66,69
15-02-17;30,22;17,66;5,07;66,49
14-02-17;29,6;17,59;5,13;65,19
13-02-17;29,63;17,73;4,9;64,8
10-02-17;29,96;17,87;5,12;65,7
09-02-17;30,4;17,81;5,29;66,6
08-02-17;30,01;17,79;5,22;66,35
07-02-17;29,9;17,83;5,17;66,89
06-02-17;29,76;17,8;5,1;66,26
03-02-17;30,02;17,92;5,16;66,6
02-02-17;30,3;17,87;5,23;68,25
01-02-17;30,3;17,99;5,28;67,11
31-01-17;30,1;17,79;5,36;67,05
30-01-17;29,6;17,76;5,17;65,5
27-01-17;29,07;17,64;4,92;73,75
26-01-17;29,6;17,81;5,2;74,63
25-01-17;29,9;17,88;4,98;76
24-01-17;30,5;18,12;5,09;77,84
23-01-17;31,2;18,38;5,33;78,92
20-01-17;30,79;18,22;5,43;77,4
19-01-17;30,11;18,09;5,2;76,53
18-01-17;30,47;18,09;4,84;77,58
17-01-17;30,35;18,1;5;78,65
16-01-17;29,47;17,73;4,7;75,24
13-01-17;30,29;18,05;5,05;75,63
12-01-17;30,41;18,24;5,05;76,27
11-01-17;30,65;18,35;5,53;74,63
10-01-17;29,74;18,02;5,52;71,93
09-01-17;28,42;17,76;5,28;68,67
06-01-17;28,71;17,56;5,05;69,7
05-01-17;29,6;17,73;5,3;70,15
04-01-17;29,05;17,85;5,73;68,95
03-01-17;29,26;17,63;5,44;67,45
02-01-17;30,08;#N/A;6,14;#N/A
30-12-16;31,36;18,63;6,57;70,28
29-12-16;31,27;18,32;6,37;70,05
28-12-16;34,34;18,13;6,34;69,81
27-12-16;34,04;#N/A;6,34;68,7
26-12-16;34,04;#N/A;#N/A;#N/A
23-12-16;33,6;17,69;6,24;68,7
22-12-16;33,25;17,71;6,09;68,59
21-12-16;#N/A;17,38;5,82;68,36
20-12-16;32,33;17,2;5,25;67,5
19-12-16;31,75;16,99;5,09;67,55
16-12-16;32,01;17,09;4,93;67,9
15-12-16;31,44;16,81;4,84;67,93
14-12-16;30,48;16,74;5,01;66,7
13-12-16;30,1;16,77;4,79;65
12-12-16;30,32;16,57;4,87;64,75
09-12-16;28,96;16,12;4,46;63,24
08-12-16;28,36;16,04;4,61;62,5
07-12-16;27,84;15,82;4,3;59,02
06-12-16;28,25;15,87;4,5;59,95
05-12-16;29,34;16,44;4,37;63,55
02-12-16;30,25;16,9;4,3;65,25
01-12-16;31,3;17,23;4,46;66,8
30-11-16;31,19;17,16;4,58;67,25
29-11-16;31,3;16,88;4,56;66,1
28-11-16;30,94;16,98;4,74;67,25
25-11-16;31,29;16,84;5;65,22
24-11-16;31,21;16,98;5,34;65,84
23-11-16;31,41;16,9;5,39;64,35
22-11-16;31,43;16,76;5,51;67,74
21-11-16;30,25;16,53;5,48;65,5
18-11-16;30,97;16,73;5,58;63,6
17-11-16;30,83;16,61;5,9;65,75
16-11-16;31,69;16,53;5,55;66,49
15-11-16;32,3;16,68;5,74;70,15
14-11-16;32,98;16,37;5,41;70,35
11-11-16;33,84;16,71;5,67;74,03
10-11-16;34,5;17,02;5,92;76,05
09-11-16;34,58;16,87;6,13;77,46
08-11-16;34,1;16,69;6,15;76,28
07-11-16;35,25;16,78;6,23;77,6
04-11-16;34,85;17,09;6,41;76,6
03-11-16;35,51;17,34;6,5;76
02-11-16;34,88;17,65;6,24;74,11
01-11-16;34,39;17,48;6,03;74,59
31-10-16;33,71;17,08;5,9;72,49
28-10-16;32,81;16,98;5,88;69,95
27-10-16;32,83;16,99;5,81;69,9
26-10-16;33,6;16,74;5,94;70,8
25-10-16;32,69;16,91;5,81;69,85
24-10-16;32,31;16,77;5,81;69,63
21-10-16;31,56;#N/A;5,89;69
20-10-16;31,24;16,56;5,58;66,95
19-10-16;31,63;16,51;5,67;67,28
18-10-16;32,45;16,58;5,95;70,18
17-10-16;31,36;16,25;5,87;67,35
14-10-16;30,77;16,12;5,81;65,78
13-10-16;30,32;15,88;5,65;64,9
12-10-16;29,71;15,61;5,52;64,11
11-10-16;29,66;15,57;5,43;62,05
10-10-16;30,2;15,89;5,66;63,7
07-10-16;30,71;16,03;5,69;65,29
06-10-16;31,59;16,39;5,86;66,87
05-10-16;30,35;16,11;5,48;65,63
04-10-16;29,75;15,91;5,21;65,35
03-10-16;29,52;15,6;5,31;65,15
30-09-16;28,88;15,41;4,96;62,49
29-09-16;29,23;15,65;5,02;64,28
28-09-16;29,35;15,52;4,95;63,51
27-09-16;27,94;14,99;4,43;60,35
26-09-16;28,08;15,58;4,62;61,05
23-09-16;27,71;15,65;4,54;60,26
22-09-16;27,28;15,32;4,42;59,8
21-09-16;26,81;15,12;4,21;60
20-09-16;26,5;14,9;4,16;58,69
19-09-16;26,67;15,22;4,4;58,75
16-09-16;26,36;14,79;4,36;58,05
15-09-16;25,76;14,8;4,14;58,2
14-09-16;25,41;14,52;3,98;57,69
13-09-16;25,56;14,6;4,03;57,28
12-09-16;25,16;14,59;4,03;56,75
09-09-16;25,4;14,6;4,08;56,48
08-09-16;25,35;14,75;4,08;56,61
07-09-16;25,65;14,7;4,01;57,38
06-09-16;25,97;14,91;4,13;59,36
05-09-16;26,02;14,93;3,93;58,99
02-09-16;25,87;14,95;4,08;58,56
01-09-16;25,97;14,93;4,38;57,85
31-08-16;26,1;15,06;4,47;58,05
30-08-16;26,29;15,24;4,55;58,5
29-08-16;26;#N/A;4,7;57,06
26-08-16;26,04;15,38;4,7;57,06
25-08-16;25,91;15,12;4,71;56,58
24-08-16;25,93;15,09;4,61;56,4
23-08-16;25,86;15,33;4,71;57
22-08-16;25,78;15,21;4,9;56,51
19-08-16;26,14;15,47;4,77;56,18
18-08-16;26,55;15,72;4,69;57,51
17-08-16;26,78;15,78;4,49;59,05
16-08-16;26,74;15,63;4,7;58,95
15-08-16;27,09;15,38;4,81;59,39
12-08-16;27,05;15,45;4,9;60,09
11-08-16;26,73;15,5;4,88;58,73
10-08-16;26,8;15,52;4,77;57,4
09-08-16;26,85;15,59;4,88;58,98
08-08-16;26,79;15,54;4,95;58,54
05-08-16;26,22;15,48;4,73;55,36
04-08-16;26,61;15,73;4,7;57,84
03-08-16;26,78;15,75;4,64;60,09
02-08-16;27,25;15,79;4,42;60,65
01-08-16;27,4;15,95;4,38;61,31
29-07-16;27,45;16,29;4,43;61,51
28-07-16;27,77;16,36;4,49;61,3
27-07-16;27,7;16,62;4,54;60,85
26-07-16;27,43;16,65;4,52;59,7
25-07-16;27,17;16,77;4,6;58,93
22-07-16;27,34;16,8;4,57;58,3
21-07-16;27,63;17,1;4,66;58,6
20-07-16;27,29;16,95;4,69;58,75
19-07-16;27,55;16,83;4,67;59,1
18-07-16;27,95;16,88;4,85;59,99
15-07-16;27,43;17,2;4,93;60,46
14-07-16;27,51;16,57;4,78;59,5
13-07-16;27,62;16,47;4,79;59,28
12-07-16;27,24;16,65;4,63;58,81
11-07-16;26,88;16,44;4,43;56,6
08-07-16;27,08;16,45;4,55;57,39
07-07-16;27,62;16,73;4,58;58,51
06-07-16;27,15;16,56;4,59;57,44
05-07-16;27,61;16,59;4,71;57,98
04-07-16;27,75;16,98;4,97;58,4
01-07-16;27,4;16,58;4,62;57,44
30-06-16;26,25;16,31;4,47;55,63
29-06-16;25,96;16,65;4,52;54,25
28-06-16;26,3;#N/A;4,69;53,78
27-06-16;26,16;16,25;4,77;53,38
24-06-16;27;16,76;4,96;54,73
23-06-16;27,81;17,14;5,65;57
22-06-16;27,68;17,68;5,69;58
21-06-16;27,44;16,85;5,56;55,7
20-06-16;28,14;17,21;5,86;58,78
17-06-16;27,4;16,42;5,67;55,5
16-06-16;27;16,17;5,71;53,75
15-06-16;26,76;16,18;5,91;53
14-06-16;26,35;16,15;5,86;52,25
13-06-16;#N/A;15,83;5,86;51,78
10-06-16;26,46;15,94;5,96;51,79
09-06-16;26,7;16,26;6,12;52,6
08-06-16;27,25;16,53;6,11;52,85
07-06-16;27,61;16,57;6,12;53,88
06-06-16;27,68;16,32;6,21;54,63
03-06-16;26,77;15,82;5,95;52,83
02-06-16;26,36;15,85;6,03;51,71
01-06-16;25,98;15,55;5,97;50,14
31-05-16;26,29;15,73;6,1;49,8
30-05-16;25,91;#N/A;6,12;49,08
27-05-16;25,65;15,38;6,04;49,08
26-05-16;25,5;15,18;6,03;48,54
25-05-16;25,2;15,01;5,87;47,85
24-05-16;24,76;14,77;5,8;46,86
23-05-16;24,75;14,75;5,74;46,81
20-05-16;25,06;14,95;5,97;46,83
19-05-16;24,85;14,96;6;46,86
18-05-16;25,2;15,14;6,06;47,33
17-05-16;25,28;15,17;6,05;47,11
16-05-16;25,01;15,17;6,11;47,01
13-05-16;24,33;14,85;5,85;45,85
12-05-16;24,55;14,84;5,81;45,93
11-05-16;24,06;15,03;6,02;45,85
10-05-16;24,15;14,87;5,9;45,29
09-05-16;24,32;14,82;5,7;45,13
06-05-16;24,47;14,82;5,86;46,05
05-05-16;25,05;14,89;6,2;46,44
04-05-16;24,51;14,5;6,13;46,06
03-05-16;24,1;14,26;5,99;46,21
02-05-16;24,05;#N/A;6,11;46,7
29-04-16;24,95;14,7;6,18;46,7
28-04-16;24,9;14,77;6,34;46,34
27-04-16;26,05;15,86;6,84;46,76
26-04-16;25,76;15,68;6,62;46,96
25-04-16;24,89;14,84;5,9;45,88
22-04-16;24,73;15;5,97;46,06
21-04-16;24,02;14,53;5,75;45,79
20-04-16;23,42;13,88;5,55;44,99
19-04-16;23,5;13,58;5,57;45
18-04-16;23,25;13,25;5,47;44,58
15-04-16;23,15;13,23;5,48;43,69
04-04-16;22,4;13,16;5,33;41,35
01-04-16;22,51;13,26;5,18;41,68
31-03-16;22,4;13,41;5,22;42,43
30-03-16;22,21;13,51;4,97;41,96
29-03-16;21,98;13,47;4,79;41,21
28-03-16;21,98;#N/A;#N/A;41,29
25-03-16;21,98;#N/A;#N/A;#N/A
24-03-16;21,94;13,57;4,86;41,29
23-03-16;21,89;13,56;4,81;40,85
22-03-16;22,13;13,58;4,83;41,36
21-03-16;22,21;13,64;4,88;42,36
18-03-16;22,3;13,72;4,95;42,54
17-03-16;21,95;13,66;5,01;41,71
16-03-16;21,91;13,54;4,97;40,35
15-03-16;21,53;13,51;4,87;39,78
14-03-16;21,85;13,63;4,88;40,03
11-03-16;22,25;13,76;5;41,1
10-03-16;22,05;13,7;4,92;40,95
09-03-16;22,38;13,92;5,09;41,21
08-03-16;22,3;13,78;5,03;40,65
07-03-16;22,25;13,73;5,1;41,66
04-03-16;21,63;13,67;4,93;39,98
03-03-16;21,53;13,77;4,9;39,51
02-03-16;21,52;13,88;4,97;38,3
01-03-16;21,5;13,87;5;38,56
29-02-16;21,45;13,84;5,01;38,26
26-02-16;21,66;13,84;5;38,3
25-02-16;21,48;13,51;5,08;38,39
24-02-16;21,32;13,6;4,87;38,58
23-02-16;21,65;13,77;4,91;38,7
22-02-16;21,8;14,08;5,42;39,48
19-02-16;21,3;13,74;5,17;38,65
18-02-16;21,39;13,92;5,26;37,99
17-02-16;20,92;13,79;5,1;37,19
16-02-16;20,85;13,66;4,7;36,55
15-02-16;21,24;13,88;4,81;36,94
12-02-16;21,21;13,95;5,07;37,3
11-02-16;20,9;13,48;4,75;36,74
10-02-16;21,15;13,49;4,89;36,99
09-02-16;21,6;13,68;4,97;36,94
08-02-16;21,94;13,89;5,25;37,91
05-02-16;22,36;14,15;5,57;37,88
04-02-16;22,85;14,29;5,62;38,25
03-02-16;23,02;14,52;5,64;39,11
02-02-16;22,66;14,44;5,84;38,99
01-02-16;22,9;14,81;5,71;38,66
29-01-16;23,59;15,15;6,07;42,76
28-01-16;23,86;15,12;6,09;43,03
27-01-16;23,6;14,63;5,93;43,29
26-01-16;23,17;14,27;6,1;42,55
25-01-16;23,13;13,93;5,91;42,37
22-01-16;23,8;14,4;6,36;43,08
21-01-16;22,75;13,34;6,21;42,43
20-01-16;23,44;13,29;6,36;41,74
19-01-16;23,76;13,67;#N/A;41,83
18-01-16;23,59;13,7;6,76;41,18
15-01-16;23,8;13,72;6,72;40,98
14-01-16;24,26;14,18;7,13;41,7
13-01-16;24,6;14,5;7,29;41,68
12-01-16;24,65;14,47;7,15;42,08
11-01-16;24,92;14,86;7,17;42,91
08-01-16;25,29;15,12;7,46;43,24
07-01-16;25,54;15,65;7,6;44,33
06-01-16;25,8;15,54;7,81;44,21
05-01-16;25,8;15,49;8,06;43,57
04-01-16;26,32;15,5;8,11;43,43
01-01-16;26,32;#N/A;#N/A;#N/A
31-12-15;26,32;15,66;8,29;44,04
30-12-15;26,61;15,82;8,28;44,45
29-12-15;28,32;15,61;8,34;44,48
28-12-15;28,08;#N/A;8,38;44,13
25-12-15;28,08;#N/A;#N/A;#N/A
24-12-15;28,08;14,75;8,26;44,13
23-12-15;27,94;14,88;8,29;44,04
22-12-15;28,14;15,15;8,32;44,02
21-12-15;28,11;15,24;8,26;43,73
18-12-15;28,14;15,5;8,13;43,93
17-12-15;28,28;15,79;8,14;44,23
16-12-15;28,38;15,75;8,2;44,44
15-12-15;28,25;16,13;8,26;44,48
14-12-15;28,07;15,93;8,07;44,29
11-12-15;28,26;16,3;8,07;44,24
10-12-15;28,63;16,58;8,36;45
09-12-15;28,62;16,61;8,4;45,03
08-12-15;28,53;16,74;8,41;45,14
07-12-15;28,76;16,82;8,41;44,83
04-12-15;28,98;17,4;8,52;45,34
03-12-15;29,01;17,33;8,59;45,53
02-12-15;29,19;17,69;8,48;45,35
01-12-15;29,46;18,09;8,56;46,31
30-11-15;29,5;18,05;8,58;46,71
27-11-15;29,38;17,78;8,58;46,7
26-11-15;29,47;17,76;8,58;46,59
25-11-15;29,29;17,77;8,62;46,3
24-11-15;29,31;17,56;8,65;46,29
23-11-15;29;17,39;8,56;45,92
20-11-15;28,99;17,48;8,51;46,48
19-11-15;29,15;17,68;8,63;47,13
18-11-15;28,98;17,51;8,58;46,82
17-11-15;28,9;17,9;8,61;46,7
16-11-15;28,8;17,34;8,53;45,99
13-11-15;28,58;17,02;8,39;45,91
12-11-15;28,6;16,82;8,37;45,72
11-11-15;28,85;16,97;8,44;46,3
10-11-15;29;17,1;8,44;46,67
09-11-15;29,03;17,21;8,32;47,25
06-11-15;29,29;17,68;8,41;47,7
05-11-15;29,3;17,65;8,47;47,85
04-11-15;29,45;17,92;8,4;48,15
03-11-15;29,46;17,81;8,45;48,75
02-11-15;29,4;17,79;8,6;48,25
30-10-15;29,7;17,94;8,64;48
29-10-15;29,64;#N/A;8,68;48,25
28-10-15;29,35;18,1;8,57;47,71
27-10-15;29,23;18,04;8,61;47,75
26-10-15;29,2;18,11;8,66;47,6
23-10-15;28,97;18,25;8,63;47,2
22-10-15;28,72;18,15;8,48;47,09
21-10-15;28,62;18,1;8,45;47,2
20-10-15;28,68;18,18;8,47;47,6
19-10-15;28,92;18,44;8,35;48
16-10-15;28,98;18,32;8,39;48,15
15-10-15;29,03;18,27;8,43;48,32
14-10-15;28,86;18,23;8,44;48,16
13-10-15;28,9;18,35;8,33;48,45
12-10-15;29,14;18,63;8,3;48,88
09-10-15;29,39;18,84;8,35;49,52
08-10-15;29,26;18,91;8,13;48,89
07-10-15;29,52;18,85;8,11;49,27
06-10-15;29,42;18,91;8,22;49,77
05-10-15;29,19;18,44;8,21;49,12
02-10-15;28,8;18,26;8,15;48,19
01-10-15;29,18;18,42;8,17;48,16
30-09-15;29,08;18,65;8,15;48,49
29-09-15;28,98;18,67;7,98;48,9
28-09-15;28,91;18,71;7,92;48,95
25-09-15;29,28;18,95;8;49,65
24-09-15;29,35;18,83;8,01;49,85
23-09-15;29,61;18,99;8,08;50,06
22-09-15;29,47;19,07;8,03;50
21-09-15;29,45;19,08;7,99;50,25
18-09-15;29,58;19,14;8,12;50,48
17-09-15;29,93;19,28;8,24;51
16-09-15;29,83;19,38;8,24;51,06
15-09-15;29,78;19,25;8,18;50,5
21-04-15;32,03;21,87;7,12;56,76
14-09-15;30,17;19,35;8,24;50,9
11-09-15;30,23;19,5;8,27;51,08
10-09-15;30,15;19,62;8,29;51,28
09-09-15;30,27;19,63;8,28;50,95
08-09-15;30,05;19,53;8,25;51,29
07-09-15;29,98;19,5;8,09;50,65
04-09-15;30,3;19,61;8,1;52,06
03-09-15;30,55;19,83;8,18;52,9
02-09-15;30,23;19,64;8,13;52,4
01-09-15;30,18;19,63;8,02;52,7
31-08-15;30,3;#N/A;8,08;#N/A
28-08-15;30,36;19,43;8,12;53,1
27-08-15;30,2;19,26;8,05;53,05
26-08-15;29,93;19,05;8,11;51,93
25-08-15;29,97;19,28;8,26;51,65
24-08-15;29,77;18,97;8,18;51,5
21-08-15;#N/A;19,47;8,21;52,39
20-08-15;30,68;19,6;8,37;52,5
19-08-15;30,86;19,85;8,35;52,75
18-08-15;30,87;20,05;8,28;52,95
17-08-15;31,01;19,94;8,25;53,65
14-08-15;31,13;20,05;8,33;53,85
13-08-15;30,93;19,98;8,2;54,1
12-08-15;30,96;19,9;8,2;54,05
11-08-15;30,97;20,1;8,1;54,4
10-08-15;31,01;20,19;7,93;54,7
07-08-15;31,01;20,19;7,79;54,56
06-08-15;31,33;20,29;7,85;55,61
05-08-15;31,38;20,25;7,84;55,69
04-08-15;31,35;20,19;7,91;56
03-08-15;31,3;20,26;7,96;55,45
31-07-15;31,5;20,5;7,88;55,78
30-07-15;31,85;20,85;7,89;56,55
29-07-15;31,83;20,75;8,07;56,7
28-07-15;31,75;20,71;8,03;56,4
27-07-15;31,98;20,65;8,03;56,65
24-07-15;32,08;#N/A;8,02;56,85
23-07-15;32,08;20,82;8,09;56,75
22-07-15;32,26;20,89;7,97;57,15
21-07-15;32,34;20,93;7,97;57,7
20-07-15;32,29;21,07;7,99;57,51
17-07-15;32,15;21,19;7,75;57,3
16-07-15;32,05;21,25;7,67;57,65
15-07-15;32,05;21,19;7,77;57,7
14-07-15;32,01;21,07;7,74;58,15
13-07-15;32,06;21,2;7,8;58,2
10-07-15;31,87;21,18;7,62;58,53
09-07-15;31,92;21,19;7,49;58,4
08-07-15;31,7;20,89;7,46;58,23
07-07-15;31,79;21,18;7,47;58,04
06-07-15;31,81;21,27;7,39;58,45
03-07-15;31,97;21,52;7,45;58,9
02-07-15;32,13;21,65;7,46;59,45
01-07-15;32,14;21,62;7,5;59,7
30-06-15;32,1;21,54;7,46;60,35
29-06-15;32,08;21,39;7,37;59,75
26-06-15;32,18;21,5;7,55;59,85
25-06-15;32,13;21,49;7,61;60,2
24-06-15;31,82;21,53;7,51;59,7
23-06-15;31,81;21,62;7,52;59,8
22-06-15;31,74;21,66;7,5;59,75
19-06-15;31,57;21,44;7,44;58,7
18-06-15;31,45;21,3;7,48;58,9
17-06-15;31,45;21,29;#N/A;58,41
16-06-15;31,43;21,29;7,45;58,25
15-06-15;31,57;21,25;7,55;58,5
12-06-15;31,58;21,28;7,64;58,4
11-06-15;31,45;21,26;7,54;58,05
10-06-15;31,49;21,5;7,62;57,5
09-06-15;31,41;21,43;7,6;57,4
08-06-15;31,39;21,42;7,48;57,3
05-06-15;31,54;21,28;7,44;57,45
04-06-15;31,5;21,18;7,43;57,55
03-06-15;31,62;21,33;7,52;57,85
02-06-15;31,7;21,34;7,48;58,05
01-06-15;31,5;21,37;7,28;57,4
29-05-15;31,5;21,44;7,36;57,75
28-05-15;31,39;21,49;7,22;57,01
27-05-15;31,3;21,51;7,21;57,25
26-05-15;31,4;21,54;7,26;56,95
25-05-15;31,4;#N/A;7,39;#N/A
22-05-15;31,23;21,57;7,34;57,01
21-05-15;31,25;21,66;7,33;56,88
20-05-15;31,43;21,6;7,38;56,9
19-05-15;31,62;21,49;7,4;57,18
18-05-15;31,64;21,49;7,63;57,7
15-05-15;31,75;21,6;7,62;58
14-05-15;31,68;21,67;7,59;58,15
13-05-15;31,74;21,8;7,68;58
12-05-15;31,61;21,95;7,63;57,8
11-05-15;31,7;21,97;7,66;57,8
08-05-15;31,64;21,49;7,57;57,5
07-05-15;31,6;21,35;7,47;57,79
06-05-15;31,92;21,48;7,57;58,45
05-05-15;32,01;21,53;7,59;58,55
04-05-15;32,01;#N/A;7,62;#N/A
01-05-15;32,01;#N/A;7,52;58,7
30-04-15;32,02;21,43;7,43;58,48
29-04-15;32,05;21,65;7,5;58,33
28-04-15;32,06;21,63;7,39;57,56
27-04-15;32,13;21,63;7,19;57,7
24-04-15;32,13;21,8;7,32;57,39
23-04-15;32,02;21,66;7,29;56,7
22-04-15;31,98;21,81;7,12;56,65
20-04-15;31,96;21,78;7,17;56,95
17-04-15;31,91;21,75;6,88;57,35
16-04-15;32,03;22,01;6,91;57,6
15-04-15;31,91;22,09;6,89;57,18
14-04-15;31,9;21,84;6,84;56,65
13-04-15;31,87;22,05;6,84;56,2
10-04-15;31,89;21,79;6,98;56,24
09-04-15;31,94;21,73;7,05;56,2
08-04-15;31,86;21,65;7,16;55,55
07-04-15;31,83;21,61;7,15;55,75
06-04-15;31,83;#N/A;#N/A;#N/A
03-04-15;31,83;#N/A;#N/A;#N/A
02-04-15;32,07;21,66;7,19;56,45
01-04-15;32,18;21,7;7,19;56,94
31-03-15;32,15;21,67;6,97;57,5
30-03-15;32,32;21,65;6,93;57,8
27-03-15;32,48;21,85;6,81;58,6
26-03-15;32,25;21,9;6,99;58,5
25-03-15;32,05;21,34;7,01;57,8
24-03-15;32,21;21,42;7,08;57,55
23-03-15;32,36;21,33;7,09;57,35
20-03-15;32,2;21,45;7,09;57,2
19-03-15;32,16;21,4;6,72;57,55
18-03-15;32,18;21,5;6,79;58,35
17-03-15;31,95;21,28;6,78;57,75
16-03-15;31,87;21,45;6,54;57,65
13-03-15;32,15;21,8;6,51;58,45
12-03-15;32,15;21,96;6,46;58,65
11-03-15;32,23;22,07;6,81;59,2
10-03-15;32,07;21,89;6,87;59
09-03-15;32,2;21,8;6,73;59,7
06-03-15;32,2;21,63;6,85;59,6
05-03-15;32,45;21,8;6,8;60,9
04-03-15;32,71;22,24;7,08;62,05
03-03-15;32,64;22,16;6,78;62,2
02-03-15;32,9;22,31;7;62,9
27-02-15;33;22,68;7,15;63,5
26-02-15;32,82;22,75;7,12;61,95
25-02-15;32,96;22,61;7,45;61,7
24-02-15;33,06;22,24;7,52;61,25
23-02-15;32,81;21,97;7,76;61
20-02-15;32,76;22,21;7,38;61,5
19-02-15;32,64;22,05;7,41;60,9
18-02-15;33,19;22,69;7,56;61,95
17-02-15;33,31;22,59;7,54;63,15
16-02-15;33,97;22,63;7,72;64,55
13-02-15;33,61;23,01;7,71;63,65
12-02-15;33,08;23,14;7,47;62,8
11-02-15;32,79;22,54;7,31;62,38
10-02-15;32,91;22,39;7,18;62,35
09-02-15;32,58;21,93;6,99;62,24
06-02-15;32,59;21,78;7,02;62,45
05-02-15;32,47;21,71;7,07;62,8
04-02-15;32,11;20,98;7;60,9
03-02-15;32,4;20,7;7,13;62
02-02-15;32,31;20,6;7,2;59,35
30-01-15;32,14;20,32;7,15;58,16
29-01-15;32,25;20,57;7,12;58,33
28-01-15;31,91;20,31;7,02;58,89
27-01-15;31,67;20,21;6,91;57,92
26-01-15;31,55;20,08;6,93;57,05
23-01-15;31,71;19,96;6,88;56,9
22-01-15;31,79;19,89;6,84;57,75
21-01-15;31,95;19,96;7,41;58,53
20-01-15;31,65;19,8;7,25;56,49
19-01-15;31,6;19,8;7,3;56,49
16-01-15;31,55;20,1;7,22;55,96
15-01-15;31,94;20,3;7,21;56,25
14-01-15;32,14;20,28;7,25;57,82
13-01-15;32;20,39;7,38;58,99
12-01-15;31,55;20,19;6,8;57,72
09-01-15;31,85;20,06;6,8;58,94
08-01-15;31,57;20,09;6,9;59,53
07-01-15;31,64;20,04;6,87;59,76
06-01-15;31,38;19,94;6,86;60,98
05-01-15;31,95;20,44;6,99;62,01
02-01-15;32,36;20,75;7,09;64,39
01-01-15;32,36;#N/A;#N/A;#N/A
